{
    "js/siropu/shoutbox/core.min.js": "b7a98294847c41739543a9a1335df0d3070e74ea311d74a150b08dd494c6ad51",
    "src/addons/Siropu/Shoutbox/addon.json": "9adcc6035a5b498ec5c7a811bf29839bd591aec92d4f8777101c087162d57008",
    "src/addons/Siropu/Shoutbox/Cron/Shout.php": "ce315f996891e28acdbccd724caf0200c4bc4384ef5f50d2ed732154da55cfb6",
    "src/addons/Siropu/Shoutbox/Entity/Shout.php": "bf43fe064480f5af4211364f91c17c2db93b91df24ff0c383819220294eff6f0",
    "src/addons/Siropu/Shoutbox/Finder/Shout.php": "f8ee9b6b0cc881eea452ca9b8d3d1cc63304adbd112140a9658e80b84007d908",
    "src/addons/Siropu/Shoutbox/Listener.php": "972b73974a4116a012a4ce66093c5c3434bc8b7158e82940aad594dee326940c",
    "src/addons/Siropu/Shoutbox/Option/AutoPrune.php": "54dce0036cd06d7b36eba42a7d806ad560b8a7408efbfb476279f72fdccd6100",
    "src/addons/Siropu/Shoutbox/Pub/Controller/Shoutbox.php": "6f7c9b6bf67cfd290a777c345660919b77fb3f8047bec979db037bbba157e615",
    "src/addons/Siropu/Shoutbox/Pub/View/Shoutbox.php": "3fb5e096bfec305d49fc84691a97d90361feb7de4a5dae02070d29ee4c35777f",
    "src/addons/Siropu/Shoutbox/Repository/Shout.php": "4eafd5c85866835bbc4b048445a16264e84d0dccad1c2ecfdd4f9061b44a2a93",
    "src/addons/Siropu/Shoutbox/Service/Shout/Preparer.php": "f8b44e0a6aa0818e80de396b72f66c20f293784fc52f77f2340e5a68e93aa01a",
    "src/addons/Siropu/Shoutbox/Setup.php": "a8a41257f5a00910dfd8a641f5c1a312516a364b1eab377d3ea8b8ff07db9fd0",
    "src/addons/Siropu/Shoutbox/Shoutbox.php": "889aa8eef4032e3e233895cf99abaecda16f940c08e3967711d937d6d786ed36",
    "src/addons/Siropu/Shoutbox/Widget/Shoutbox.php": "72d6a26be23c616a8cca51ac990d44a59add9384630e0af59f00b771b0508c1a",
    "src/addons/Siropu/Shoutbox/XF/Entity/User.php": "30d08b9b8a0178a78f52fda2df9520556134115622e99759df73a7169e796bf3",
    "src/addons/Siropu/Shoutbox/_data/admin_navigation.xml": "064ec797484ac00d5ee37367b50b06846d11f480d00550997712707f8fdac8c0",
    "src/addons/Siropu/Shoutbox/_data/admin_permission.xml": "ec6fb97cebf0bceb24f1ed1d5778c1db54eeb7535fbb3e31d824840e7aa9ff87",
    "src/addons/Siropu/Shoutbox/_data/advertising_positions.xml": "d2f7cbe844bb1df3cf878d22ff6306249245c8ff6b0b87b9b729744bec538261",
    "src/addons/Siropu/Shoutbox/_data/api_scopes.xml": "6793eaf758f140e8137187ba20e65f4faccf53410433ae3ad7a8b3b38cb6b3b7",
    "src/addons/Siropu/Shoutbox/_data/bb_codes.xml": "faa4ddd5f4a365e5ac39aebdcbe2d25aedf74e7eb9ea4a812766e2fd5e13bdb1",
    "src/addons/Siropu/Shoutbox/_data/bb_code_media_sites.xml": "29762987990187b33e43cfb68c08dc917b2d3f0176613d78f8e6c453f82da3f3",
    "src/addons/Siropu/Shoutbox/_data/class_extensions.xml": "4fad7af7bfdd94ec74225869e4f8e3f7bb166618a40b18da53b3b02752ccaa2f",
    "src/addons/Siropu/Shoutbox/_data/code_events.xml": "8370dec3df47f91df4cf79da253446ad11b29f4ea568fe76c774e97a0379f0eb",
    "src/addons/Siropu/Shoutbox/_data/code_event_listeners.xml": "595bf1ed9e72de73afe998f6df1ac0c806daa86e32e29c2665daf567394a965f",
    "src/addons/Siropu/Shoutbox/_data/content_type_fields.xml": "c7ad5472b28f465b7ac7617627707eba1b7a39d28089460d52e1ed292fc0b06a",
    "src/addons/Siropu/Shoutbox/_data/cron.xml": "ddb62c2ef592fbecb2ac1ccecc0ea10071ff626aa8acbb41cee80491981c512d",
    "src/addons/Siropu/Shoutbox/_data/help_pages.xml": "a8a0c0b06cdc550438bc8a8d385af3e1e5ab3459877dfb934c1c31be59c89163",
    "src/addons/Siropu/Shoutbox/_data/member_stats.xml": "89fb2b93ff1eca7a1f6f752248edf6090dfd24037db1446fd18ff7143f08124d",
    "src/addons/Siropu/Shoutbox/_data/navigation.xml": "b655327f935133988977472d0d229f015e77427586daa8e03b653737bcaaa353",
    "src/addons/Siropu/Shoutbox/_data/options.xml": "79bad9baf956482d1075a16f336ebb60bc14e1dd3dab819858f03bb8e4360956",
    "src/addons/Siropu/Shoutbox/_data/option_groups.xml": "1585774cfbaa219c1010f6b53564f8734bbc1e0ed731f2f4fa804030587aa5b7",
    "src/addons/Siropu/Shoutbox/_data/permissions.xml": "463431683822ab509db20e8c92bdd161cbdff3f64b9d3dcb66593af57e491ff6",
    "src/addons/Siropu/Shoutbox/_data/permission_interface_groups.xml": "3e7e8834b8ccde49701261cbe49ac9ffcd1681eb6f1aa7f1f1fec93e81ec4860",
    "src/addons/Siropu/Shoutbox/_data/phrases.xml": "d4ab02ef2add4c405980d3d9a181466f177c67b9f79b8ea707184b8261e4905a",
    "src/addons/Siropu/Shoutbox/_data/routes.xml": "99eb3abd8f08f5a92cb4883ed1f2211b7dd6e2bbba95d984adf91126fb5c9a2c",
    "src/addons/Siropu/Shoutbox/_data/style_properties.xml": "8b8690a8512f01f219dd2da76e3d0c5f62afc1f317b87794a7331c859c36a7a8",
    "src/addons/Siropu/Shoutbox/_data/style_property_groups.xml": "68e1879cb3846c42d978487aa8d5145ff3335fc39e58016878824d5cf3fd684c",
    "src/addons/Siropu/Shoutbox/_data/templates.xml": "d2794e62190c949fe7ed5c992a60de392eba7178137718662dfc283d2a806964",
    "src/addons/Siropu/Shoutbox/_data/template_modifications.xml": "3b54b7df00a6a4a18c5e012b6e2588e35c23aaa13a5fc227f08646a97590d778",
    "src/addons/Siropu/Shoutbox/_data/widget_definitions.xml": "fb187539efbb1fb35c06c1ff358eb62cf64e76ed0713df0675af4150a4572890",
    "src/addons/Siropu/Shoutbox/_data/widget_positions.xml": "a29cee66134f6bc5d75ed9df1eef21096c24401915c5b5c774389c3d7bb2d5b3",
    "styles/default/siropu/shoutbox/index.html": "e3b0c44298fc1c149afbf4c8996fb92427ae41e4649b934ca495991b7852b855",
    "styles/default/siropu/shoutbox/new.mp3": "345beb030a5b94ee817d0f05e4b7c82f77057a82633ac51401930bea026bab72"
}