<?xml version="1.0" encoding="utf-8"?>
<options>
  <option option_id="siropuShouboxDeleteShoutsOlderThan" edit_format="spinbox" data_type="integer">
    <default_value>30</default_value>
    <edit_format_params>units={{ phrase('units_days') }}</edit_format_params>
    <relation group_id="siropuShoutbox" display_order="5"/>
  </option>
  <option option_id="siropuShoutboxAllowBBCodes" edit_format="onoff" data_type="boolean">
    <default_value>0</default_value>
    <relation group_id="siropuShoutbox" display_order="13"/>
  </option>
  <option option_id="siropuShoutboxArhiveMessagesPerPage" edit_format="spinbox" data_type="unsigned_integer">
    <default_value>25</default_value>
    <edit_format_params>min=5</edit_format_params>
    <relation group_id="siropuShoutbox" display_order="21"/>
  </option>
  <option option_id="siropuShoutboxAutoPrune" edit_format="spinbox" data_type="unsigned_integer" validation_class="Siropu\Shoutbox\Option\AutoPrune" validation_method="setLastPrune">
    <default_value>0</default_value>
    <edit_format_params>min=0
units={{ phrase('units_hours') }}</edit_format_params>
    <relation group_id="siropuShoutbox" display_order="6"/>
  </option>
  <option option_id="siropuShoutboxAutoPruneMessage" edit_format="textbox" data_type="string">
    <default_value></default_value>
    <edit_format_params>rows=2</edit_format_params>
    <relation group_id="siropuShoutbox" display_order="7"/>
  </option>
  <option option_id="siropuShoutboxAutolink" edit_format="onoff" data_type="boolean">
    <default_value>0</default_value>
    <relation group_id="siropuShoutbox" display_order="14"/>
  </option>
  <option option_id="siropuShoutboxBotUserId" edit_format="textbox" data_type="unsigned_integer">
    <default_value>1</default_value>
    <relation group_id="siropuShoutbox" display_order="8"/>
  </option>
  <option option_id="siropuShoutboxDisplayLimit" edit_format="spinbox" data_type="positive_integer">
    <default_value>25</default_value>
    <edit_format_params>min=1</edit_format_params>
    <relation group_id="siropuShoutbox" display_order="4"/>
  </option>
  <option option_id="siropuShoutboxEmojiList" edit_format="onoff" data_type="boolean">
    <default_value>0</default_value>
    <relation group_id="siropuShoutbox" display_order="18"/>
  </option>
  <option option_id="siropuShoutboxFloodCheckLength" edit_format="spinbox" data_type="unsigned_integer">
    <default_value>1</default_value>
    <edit_format_params>min=0</edit_format_params>
    <relation group_id="siropuShoutbox" display_order="3"/>
  </option>
  <option option_id="siropuShoutboxFooter" edit_format="textbox" data_type="string">
    <default_value></default_value>
    <edit_format_params>rows=5</edit_format_params>
    <relation group_id="siropuShoutbox" display_order="20"/>
  </option>
  <option option_id="siropuShoutboxHeader" edit_format="textbox" data_type="string">
    <default_value></default_value>
    <edit_format_params>rows=5</edit_format_params>
    <relation group_id="siropuShoutbox" display_order="19"/>
  </option>
  <option option_id="siropuShoutboxMinAge" edit_format="spinbox" data_type="unsigned_integer">
    <default_value>0</default_value>
    <edit_format_params>min=0</edit_format_params>
    <relation group_id="siropuShoutbox" display_order="0"/>
  </option>
  <option option_id="siropuShoutboxNavigation" edit_format="onoff" data_type="boolean">
    <default_value>0</default_value>
    <relation group_id="siropuShoutbox" display_order="9"/>
  </option>
  <option option_id="siropuShoutboxPopup" edit_format="onoff" data_type="boolean">
    <default_value>0</default_value>
    <relation group_id="siropuShoutbox" display_order="10"/>
  </option>
  <option option_id="siropuShoutboxRefreshInterval" edit_format="spinbox" data_type="integer">
    <default_value>0</default_value>
    <edit_format_params>min=0
units={{ phrase('units_seconds') }}</edit_format_params>
    <relation group_id="siropuShoutbox" display_order="1"/>
  </option>
  <option option_id="siropuShoutboxRefreshTimeout" edit_format="spinbox" data_type="unsigned_integer">
    <default_value>10</default_value>
    <edit_format_params>min=0
units={{ phrase('units_minutes') }}</edit_format_params>
    <relation group_id="siropuShoutbox" display_order="2"/>
  </option>
  <option option_id="siropuShoutboxReverse" edit_format="onoff" data_type="boolean">
    <default_value>0</default_value>
    <relation group_id="siropuShoutbox" display_order="16"/>
  </option>
  <option option_id="siropuShoutboxShoutMaxLength" edit_format="spinbox" data_type="positive_integer">
    <default_value>500</default_value>
    <edit_format_params>min=1</edit_format_params>
    <relation group_id="siropuShoutbox" display_order="3"/>
  </option>
  <option option_id="siropuShoutboxSmilieButton" edit_format="onoff" data_type="boolean">
    <default_value>1</default_value>
    <relation group_id="siropuShoutbox" display_order="15"/>
  </option>
  <option option_id="siropuShoutboxSound" edit_format="onoff" data_type="boolean">
    <default_value>0</default_value>
    <relation group_id="siropuShoutbox" display_order="11"/>
  </option>
  <option option_id="siropuShoutboxThreadId" edit_format="textbox" data_type="unsigned_integer">
    <default_value>0</default_value>
    <relation group_id="siropuShoutbox" display_order="100"/>
  </option>
  <option option_id="siropuShoutboxThreadMessageMinLength" edit_format="spinbox" data_type="unsigned_integer">
    <default_value>25</default_value>
    <edit_format_params>min=0</edit_format_params>
    <relation group_id="siropuShoutbox" display_order="101"/>
  </option>
  <option option_id="siropuShoutboxUserAvatar" edit_format="onoff" data_type="boolean">
    <default_value>1</default_value>
    <relation group_id="siropuShoutbox" display_order="12"/>
  </option>
  <option option_id="siropuShoutboxUserTag" edit_format="onoff" data_type="boolean">
    <default_value>1</default_value>
    <relation group_id="siropuShoutbox" display_order="17"/>
  </option>
</options>
