<?xml version="1.0" encoding="utf-8"?>
<phrases>
  <phrase title="cron_entry.siropuShoutboxPrune" version_id="1010170" version_string="1.1.1"><![CDATA[Shoutbox: Auto prune]]></phrase>
  <phrase title="cron_entry.siropuShoutboxShout" version_id="1010270" version_string="1.1.2"><![CDATA[Shoutbox: Delete older shouts]]></phrase>
  <phrase title="nav.siropuShoutbox" version_id="1020170" version_string="1.2.1"><![CDATA[Shoutbox]]></phrase>
  <phrase title="nav.siropuShoutboxArchive" version_id="1040770" version_string="1.4.7"><![CDATA[Archive]]></phrase>
  <phrase title="option.siropuShouboxDeleteShoutsOlderThan" version_id="10000" version_string="1.0.0"><![CDATA[Delete shouts older than]]></phrase>
  <phrase title="option.siropuShoutboxAllowBBCodes" version_id="10000" version_string="1.0.0"><![CDATA[Allow BB codes]]></phrase>
  <phrase title="option.siropuShoutboxArhiveMessagesPerPage" version_id="1040770" version_string="1.4.7"><![CDATA[Archive messages per page]]></phrase>
  <phrase title="option.siropuShoutboxAutoPrune" version_id="1010170" version_string="1.1.1"><![CDATA[Auto prune shoutbox every]]></phrase>
  <phrase title="option.siropuShoutboxAutoPruneMessage" version_id="1010170" version_string="1.1.1"><![CDATA[Auto prune message]]></phrase>
  <phrase title="option.siropuShoutboxAutolink" version_id="1010470" version_string="1.1.4"><![CDATA[Enable autolink]]></phrase>
  <phrase title="option.siropuShoutboxBotUserId" version_id="1030270" version_string="1.3.2"><![CDATA[Bot user ID]]></phrase>
  <phrase title="option.siropuShoutboxDisplayLimit" version_id="10000" version_string="1.0.0"><![CDATA[Shout display limit]]></phrase>
  <phrase title="option.siropuShoutboxEmojiList" version_id="1040470" version_string="1.4.4"><![CDATA[Enable emoji list]]></phrase>
  <phrase title="option.siropuShoutboxFloodCheckLength" version_id="1030470" version_string="1.3.4"><![CDATA[Minimum time between shouts]]></phrase>
  <phrase title="option.siropuShoutboxFooter" version_id="10000" version_string="1.0.0"><![CDATA[Footer]]></phrase>
  <phrase title="option.siropuShoutboxHeader" version_id="1020070" version_string="1.2.0"><![CDATA[Header]]></phrase>
  <phrase title="option.siropuShoutboxMinAge" version_id="1030370" version_string="1.3.3"><![CDATA[Minimum age required]]></phrase>
  <phrase title="option.siropuShoutboxNavigation" version_id="1020170" version_string="1.2.1"><![CDATA[Enable navigation tab]]></phrase>
  <phrase title="option.siropuShoutboxPopup" version_id="1030170" version_string="1.3.1"><![CDATA[Enable popup]]></phrase>
  <phrase title="option.siropuShoutboxRefreshInterval" version_id="10000" version_string="1.0.0"><![CDATA[Shoutbox refresh interval]]></phrase>
  <phrase title="option.siropuShoutboxRefreshTimeout" version_id="1040670" version_string="1.4.6"><![CDATA[Shoutbox refresh timeout]]></phrase>
  <phrase title="option.siropuShoutboxReverse" version_id="1010470" version_string="1.1.4"><![CDATA[Reverse ordering]]></phrase>
  <phrase title="option.siropuShoutboxShoutMaxLength" version_id="10000" version_string="1.0.0"><![CDATA[Maximum shout length]]></phrase>
  <phrase title="option.siropuShoutboxSmilieButton" version_id="1020270" version_string="1.2.2"><![CDATA[Enable smilie button]]></phrase>
  <phrase title="option.siropuShoutboxSound" version_id="10000" version_string="1.0.0"><![CDATA[Enable sound]]></phrase>
  <phrase title="option.siropuShoutboxThreadId" version_id="1020270" version_string="1.2.2"><![CDATA[Thread ID]]></phrase>
  <phrase title="option.siropuShoutboxThreadMessageMinLength" version_id="1020270" version_string="1.2.2"><![CDATA[Thread message minimum length]]></phrase>
  <phrase title="option.siropuShoutboxUserAvatar" version_id="10000" version_string="1.0.0"><![CDATA[Enable avatars]]></phrase>
  <phrase title="option.siropuShoutboxUserTag" version_id="1040070" version_string="1.4.0"><![CDATA[Enable quick user tagging @ button]]></phrase>
  <phrase title="option_explain.siropuShouboxDeleteShoutsOlderThan" version_id="10000" version_string="1.0.0"><![CDATA[Auto delete older shouts. Set to 0 to disable.]]></phrase>
  <phrase title="option_explain.siropuShoutboxAllowBBCodes" version_id="10000" version_string="1.0.0"><![CDATA[This option controls if BB codes are rendered or not in shouts.]]></phrase>
  <phrase title="option_explain.siropuShoutboxArhiveMessagesPerPage" version_id="1040770" version_string="1.4.7"><![CDATA[The maximum number of messages to display per page.]]></phrase>
  <phrase title="option_explain.siropuShoutboxAutoPrune" version_id="1010170" version_string="1.1.1"><![CDATA[Auto prune shoutbox every x hours. Set to 0 to disable.]]></phrase>
  <phrase title="option_explain.siropuShoutboxAutoPruneMessage" version_id="1010170" version_string="1.1.1"><![CDATA[If a message is set, it will be posted in the shoutbox after auto prune has been completed.]]></phrase>
  <phrase title="option_explain.siropuShoutboxAutolink" version_id="1010470" version_string="1.1.4"><![CDATA[If enabled, URLs and media sites will be automatically linked/embedded. Option "Allow BB codes" must be enabled in order for this to work.]]></phrase>
  <phrase title="option_explain.siropuShoutboxBotUserId" version_id="1030270" version_string="1.3.2"><![CDATA[This user ID will be used for automated prune bot messages. If none provided, ID 1 will be used.]]></phrase>
  <phrase title="option_explain.siropuShoutboxDisplayLimit" version_id="10000" version_string="1.0.0"><![CDATA[Set the maximum number of shouts to display in the shoutbox.]]></phrase>
  <phrase title="option_explain.siropuShoutboxEmojiList" version_id="1040470" version_string="1.4.4"><![CDATA[If checked, users can search and choose emojis from a list.]]></phrase>
  <phrase title="option_explain.siropuShoutboxFloodCheckLength" version_id="1030470" version_string="1.3.4"><![CDATA[Users will have to wait this many seconds between posting shouts. Users with the permission "Can bypass flood check" will be exempt from this option.]]></phrase>
  <phrase title="option_explain.siropuShoutboxFooter" version_id="10000" version_string="1.0.0"><![CDATA[If you want to display something in the shoutbox footer (like ads or notices), you can add it here. HTML is allowed.]]></phrase>
  <phrase title="option_explain.siropuShoutboxHeader" version_id="1020070" version_string="1.2.0"><![CDATA[If you want to display something in the shoutbox header (like ads or notices), you can add it here. HTML is allowed.]]></phrase>
  <phrase title="option_explain.siropuShoutboxMinAge" version_id="1030370" version_string="1.3.3"><![CDATA[This option allows you to restrict access based on the user's age.]]></phrase>
  <phrase title="option_explain.siropuShoutboxNavigation" version_id="1020170" version_string="1.2.1"><![CDATA[This option allows users to use Shoutbox in a dedicated page.]]></phrase>
  <phrase title="option_explain.siropuShoutboxPopup" version_id="1030170" version_string="1.3.1"><![CDATA[If enabled, users can open the shoutbox in a popup.]]></phrase>
  <phrase title="option_explain.siropuShoutboxRefreshInterval" version_id="10000" version_string="1.0.0"><![CDATA[Interval between shoutbox refreshes. Set to 0 to disable refresh.]]></phrase>
  <phrase title="option_explain.siropuShoutboxRefreshTimeout" version_id="1040670" version_string="1.4.6"><![CDATA[This option will stop refresh interval if the user is not active for more than x minutes. Set to 0 to disable.]]></phrase>
  <phrase title="option_explain.siropuShoutboxReverse" version_id="1010470" version_string="1.1.4"><![CDATA[If enabled, the input box will be placed at the bottom and new message will be displayed from the bottom to the top.]]></phrase>
  <phrase title="option_explain.siropuShoutboxShoutMaxLength" version_id="10000" version_string="1.0.0"><![CDATA[Set the maximum allowed shout length.]]></phrase>
  <phrase title="option_explain.siropuShoutboxSmilieButton" version_id="1020270" version_string="1.2.2"><![CDATA[If enabled, a new button will be displayed for easy smilie access.]]></phrase>
  <phrase title="option_explain.siropuShoutboxSound" version_id="10000" version_string="1.0.0"><![CDATA[If enabled, a sound notification will be used for new shouts.]]></phrase>
  <phrase title="option_explain.siropuShoutboxThreadId" version_id="1020270" version_string="1.2.2"><![CDATA[If a valid thread ID is specified, shouts will be posted in that thread as well.]]></phrase>
  <phrase title="option_explain.siropuShoutboxThreadMessageMinLength" version_id="1020270" version_string="1.2.2"><![CDATA[This option allows you to post only shouts with a length equal or higher than x characters.]]></phrase>
  <phrase title="option_explain.siropuShoutboxUserAvatar" version_id="10000" version_string="1.0.0"><![CDATA[Display user avatar in shout.]]></phrase>
  <phrase title="option_explain.siropuShoutboxUserTag" version_id="1040070" version_string="1.4.0"><![CDATA[This option will add an @ button before the username for quick user tagging.]]></phrase>
  <phrase title="option_group.siropuShoutbox" version_id="10000" version_string="1.0.0"><![CDATA[Shoutbox]]></phrase>
  <phrase title="option_group_description.siropuShoutbox" version_id="10000" version_string="1.0.0"><![CDATA[Options for Shoutbox by Siropu.]]></phrase>
  <phrase title="permission.siropuShoutbox_ban" version_id="1040070" version_string="1.4.0"><![CDATA[Ban users]]></phrase>
  <phrase title="permission.siropuShoutbox_bypassFloodCheck" version_id="1030470" version_string="1.3.4"><![CDATA[Bypass flood check]]></phrase>
  <phrase title="permission.siropuShoutbox_deleteAny" version_id="10000" version_string="1.0.0"><![CDATA[Delete any shout]]></phrase>
  <phrase title="permission.siropuShoutbox_deleteOwn" version_id="10000" version_string="1.0.0"><![CDATA[Delete own shouts]]></phrase>
  <phrase title="permission.siropuShoutbox_editAny" version_id="10000" version_string="1.0.0"><![CDATA[Edit any shout]]></phrase>
  <phrase title="permission.siropuShoutbox_editOwn" version_id="10000" version_string="1.0.0"><![CDATA[Edit own shouts]]></phrase>
  <phrase title="permission.siropuShoutbox_prune" version_id="10000" version_string="1.0.0"><![CDATA[Prune shoutbox]]></phrase>
  <phrase title="permission.siropuShoutbox_use" version_id="1010070" version_string="1.1.0"><![CDATA[Use shoutbox]]></phrase>
  <phrase title="permission.siropuShoutbox_view" version_id="1010070" version_string="1.1.0"><![CDATA[View shoutbox]]></phrase>
  <phrase title="permission.siropuShoutbox_viewArchive" version_id="1040770" version_string="1.4.7"><![CDATA[View archive]]></phrase>
  <phrase title="permission.siropuShoutbox_viewBanned" version_id="1040070" version_string="1.4.0"><![CDATA[View banned users]]></phrase>
  <phrase title="permission_interface.siropuShoutbox" version_id="10000" version_string="1.0.0"><![CDATA[Shoutbox]]></phrase>
  <phrase title="siropu_easy_user_ban_enable_sidebar_style" version_id="1030470" version_string="1.3.4"><![CDATA[Enable sidebar style]]></phrase>
  <phrase title="siropu_easy_user_ban_hide_shout_date" version_id="1030570" version_string="1.3.5"><![CDATA[Hide shout date]]></phrase>
  <phrase title="siropu_shoutbox" version_id="10000" version_string="1.0.0"><![CDATA[Shoutbox]]></phrase>
  <phrase title="siropu_shoutbox_archive" version_id="1040770" version_string="1.4.7"><![CDATA[Archive]]></phrase>
  <phrase title="siropu_shoutbox_are_you_sure_you_want_to_delete_shout" version_id="10000" version_string="1.0.0"><![CDATA[Are you sure you want to delete this shout?]]></phrase>
  <phrase title="siropu_shoutbox_cannot_submit_empty_shout" version_id="10000" version_string="1.0.0"><![CDATA[You cannot submit an empty shout.]]></phrase>
  <phrase title="siropu_shoutbox_content_height" version_id="1020170" version_string="1.2.1"><![CDATA[Shoutbox content height]]></phrase>
  <phrase title="siropu_shoutbox_content_height_explain" version_id="1020170" version_string="1.2.1"><![CDATA[This option allows you to set a custom shoutbox content height for this widget.]]></phrase>
  <phrase title="siropu_shoutbox_edit_shout" version_id="10000" version_string="1.0.0"><![CDATA[Edit shout]]></phrase>
  <phrase title="siropu_shoutbox_has_been_pruned" version_id="10000" version_string="1.0.0"><![CDATA[Shoutbox has been pruned!]]></phrase>
  <phrase title="siropu_shoutbox_loading_more_shouts" version_id="10000" version_string="1.0.0"><![CDATA[Loading more shouts...]]></phrase>
  <phrase title="siropu_shoutbox_no_shouts" version_id="10000" version_string="1.0.0"><![CDATA[No shouts have been posted yet.]]></phrase>
  <phrase title="siropu_shoutbox_open_in_popup" version_id="1030170" version_string="1.3.1"><![CDATA[Open in popup]]></phrase>
  <phrase title="siropu_shoutbox_placeholder" version_id="10000" version_string="1.0.0"><![CDATA[What's on your mind?]]></phrase>
  <phrase title="siropu_shoutbox_please_wait" version_id="10000" version_string="1.0.0"><![CDATA[Please wait...]]></phrase>
  <phrase title="siropu_shoutbox_please_wait_x_seconds" version_id="1030470" version_string="1.3.4"><![CDATA[Please wait {length} seconds...]]></phrase>
  <phrase title="siropu_shoutbox_requested_shout_not_found" version_id="10000" version_string="1.0.0"><![CDATA[The requested shout could not be found.]]></phrase>
  <phrase title="siropu_shoutbox_shout" version_id="10000" version_string="1.0.0"><![CDATA[Shout!]]></phrase>
  <phrase title="siropu_shoutbox_tag_user" version_id="1040070" version_string="1.4.0"><![CDATA[Tag user]]></phrase>
  <phrase title="siropu_shoutbox_toggle_direction" version_id="1010470" version_string="1.1.4"><![CDATA[Toggle direction]]></phrase>
  <phrase title="siropu_shoutbox_toggle_sound" version_id="10000" version_string="1.0.0"><![CDATA[Toggle sound]]></phrase>
  <phrase title="siropu_shoutbox_toggle_visibility" version_id="10000" version_string="1.0.0"><![CDATA[Toggle visibility]]></phrase>
  <phrase title="siropu_shoutbox_user_x_has_banned_banned" version_id="1040070" version_string="1.4.0"><![CDATA[User {username} has been banned!]]></phrase>
  <phrase title="siropu_shoutbox_user_x_has_banned_unbanned" version_id="1040070" version_string="1.4.0"><![CDATA[User {username} has been unbanned!]]></phrase>
  <phrase title="widget_def.siropu_shoutbox" version_id="10000" version_string="1.0.0"><![CDATA[Shoutbox]]></phrase>
  <phrase title="widget_def_desc.siropu_shoutbox" version_id="10000" version_string="1.0.0"><![CDATA[Display Shoutbox by Siropu.]]></phrase>
</phrases>
